index,label,pred
0,0.8305892348289491,1
1,0.4879318475723266,0
2,0.3521510362625122,0
3,0.6112048029899597,1
4,0.4275200068950653,0
5,0.07631978392601013,0
6,0.335284560918808,0
7,0.18257415294647214,0
8,0.1478475034236908,0
9,0.03967130929231644,0
10,0.01848624087870121,0
11,0.07183672487735747,0
12,0.06262188404798508,0
13,0.8156365156173706,1
14,0.6607326865196228,1
15,0.4131932854652405,0
16,0.974269688129425,1
17,0.3930479884147644,0
18,0.8275888562202454,1
19,0.5448792576789856,1
20,0.8428962230682373,1
21,0.3986142873764038,0
22,0.6212404370307922,1
23,0.8774572610855103,1
24,0.8894903063774109,1
25,0.9800240397453308,1
26,0.26686954498291016,0
27,0.935413420200348,1
28,0.43295684456825256,0
29,0.20065222680568692,0
30,0.4767985045909882,0
31,0.050692055374383926,0
32,0.5853840708732605,1
33,0.4048333764076233,0
34,0.7689076066017151,1
35,0.299860954284668,0
36,0.8059244155883789,1
37,0.045166440308094025,0
38,0.7114525437355042,1
39,0.8479284644126892,1
40,0.7566944360733032,1
41,0.6840735673904419,1
42,0.17937305569648745,0
43,0.8554144501686096,1
44,0.23837749660015106,0
45,0.5997692942619324,1
46,0.0830133855342865,0
47,0.9276087284088136,1
48,0.9587312340736388,1
49,0.9553707242012024,1
50,0.8725027441978455,1
51,0.6464716196060181,1
52,0.8570812940597534,1
53,0.9655545949935912,1
54,0.5244413614273071,1
55,0.338591068983078,0
56,0.20336109399795527,0
57,0.816994845867157,1
58,0.3166945874691009,0
59,0.006581679452210665,0
60,0.2412871420383453,0
61,0.2770713567733765,0
62,0.15942610800266266,0
63,0.7102750539779663,1
64,0.2485313415527344,0
65,0.8786134719848633,1
66,0.26069724559783936,0
67,0.4536910653114319,0
68,0.9096500277519226,1
69,0.010124283842742443,0
70,0.4966934621334076,0
71,0.8777087330818176,1
72,0.2991190552711487,0
73,0.5015542507171631,1
74,0.2861780822277069,0
75,0.18053963780403134,0
76,0.20170405507087708,0
77,0.08877906948328018,0
78,0.19321320950984955,0
79,0.4586891531944275,0
80,0.19673259556293488,0
81,0.4690473973751068,0
82,0.16445894539356232,0
83,0.18207406997680664,0
84,0.4135836064815521,0
85,0.73708176612854,1
86,0.6443623304367065,1
87,0.14707693457603455,0
88,0.03807736188173294,0
89,0.7950171828269958,1
90,0.1813365072011948,0
91,0.1653481423854828,0
92,0.449958086013794,0
93,0.02101264894008636,0
94,0.6835177540779114,1
95,0.2327450960874557,0
96,0.2453908622264862,0
97,0.010274613276124,0
98,0.19747759401798248,0
99,0.7282490730285645,1
100,0.504224956035614,1
101,0.7833101749420166,1
102,0.4294586777687073,0
103,0.03183554857969284,0
104,0.5720335841178894,1
105,0.9890030026435852,1
106,0.6093884706497192,1
107,0.9681140780448914,1
108,0.6493696570396423,1
109,0.9242006540298462,1
110,0.9559253454208374,1
111,0.9590432047843932,1
112,0.9535048007965088,1
113,0.9922264814376832,1
114,0.9492034316062928,1
115,0.6713286638259888,1
116,0.9932885766029358,1
117,0.9897574186325072,1
118,0.3876906633377075,0
119,0.15948794782161713,0
120,0.1873769611120224,0
121,0.8147068619728088,1
122,0.3326125144958496,0
123,0.3202150762081146,0
124,0.5808985829353333,1
125,0.11526268720626832,0
126,0.11132710427045822,0
127,0.5514723658561707,1
128,0.22955170273780826,0
129,0.5700756311416626,1
130,0.643338143825531,1
131,0.3641739189624785,0
132,0.028894746676087383,0
133,0.31489408016204834,0
134,0.7768681049346924,1
135,0.4235842227935791,0
136,0.9754203557968141,1
137,0.8785130977630615,1
138,0.7330504059791565,1
139,0.0767800584435463,0
140,0.9164411425590516,1
141,0.740209698677063,1
142,0.3648610413074493,0
143,0.6632463335990906,1
144,0.902372181415558,1
145,0.25813502073287964,0
146,0.06748612225055695,0
147,0.4630811214447022,0
148,0.45575866103172297,0
149,0.12647122144699094,0
150,0.18121100962162015,0
151,0.05553645268082619,0
152,0.3852657973766327,0
153,0.04326625540852547,0
154,0.4242687523365021,0
155,0.29985642433166504,0
156,0.08529800921678543,0
157,0.1212005466222763,0
158,0.7939949035644531,1
159,0.0006293802289292216,0
160,0.013620899990200995,0
161,0.388899952173233,0
162,0.03950914740562439,0
163,0.8903098702430725,1
164,0.35650086402893066,0
165,0.3198119103908539,0
166,0.1926212161779404,0
167,0.5728849172592163,1
168,0.4231918156147003,0
169,0.7311969995498657,1
170,0.20946769416332245,0
171,0.4624587297439575,0
172,0.010442784987390041,0
173,0.4226248562335968,0
174,0.8191711306571959,1
175,0.31993356347084045,0
176,0.005948280449956656,0
177,0.046142149716615684,0
178,0.4154697358608246,0
179,0.434295117855072,0
180,0.07072783261537552,0
181,0.9617353677749634,1
182,0.2335302382707596,0
183,0.05936776474118233,0
184,0.017510483041405678,0
185,0.03878631442785263,0
186,0.07980033755302429,0
187,0.1414400041103363,0
188,0.2398786395788193,0
189,0.07495926320552826,0
190,0.967751920223236,1
191,0.8299285173416138,1
192,0.6084371209144592,1
193,0.8966431617736816,1
194,0.7091412544250488,1
195,0.4289329946041107,0
196,0.8419038653373718,1
197,0.8001071214675903,1
198,0.12000785022974016,0
199,0.4906391799449921,0
200,0.4164358377456665,0
201,0.10704262554645537,0
202,0.8532701730728149,1
203,0.5349830985069275,1
204,0.5286144018173218,1
205,0.2159666568040848,0
206,0.7871381640434265,1
207,0.16327807307243347,0
208,0.5733674764633179,1
209,0.18435320258140564,0
210,0.2555672228336334,0
211,0.3026275634765625,0
212,0.0008771840366534889,0
213,0.5197135210037231,1
214,0.036495134234428406,0
215,0.2459413856267929,0
216,0.8114323616027832,1
217,0.9034759402275084,1
218,0.821679413318634,1
219,0.98136305809021,1
220,0.8731189370155334,1
221,0.9271370172500609,1
222,0.9690119028091432,1
223,0.960653841495514,1
224,0.6049540638923645,1
225,0.6736971735954285,1
226,0.8922099471092224,1
227,0.9695567488670348,1
228,0.8227756023406982,1
229,0.9195123314857484,1
230,0.9379454255104064,1
231,0.7769690155982971,1
232,0.9516170620918274,1
233,0.9304555654525756,1
234,0.978338062763214,1
235,0.9468029737472534,1
236,0.9645501971244812,1
237,0.04001426696777344,0
238,0.07603143900632857,0
239,0.1799912303686142,0
240,0.028150252997875214,0
241,0.9346268773078918,1
242,0.22263090312480927,0
243,0.8069944977760315,1
244,0.6020745038986206,1
245,0.8888470530509949,1
246,0.2685673534870148,0
247,0.878616452217102,1
248,0.02130425721406937,0
249,0.009822506457567215,0
250,0.9188929796218872,1
251,0.33818796277046204,0
252,0.005292676389217378,0
253,0.11305922269821167,0
254,0.029773838818073276,0
255,0.847490131855011,1
256,0.6601042151451111,1
257,0.9192631244659424,1
258,0.07422281801700592,0
259,0.2722069323062897,0
260,0.1436157077550888,0
261,0.3228422701358795,0
262,0.14807716012001038,0
263,0.018690554425120357,0
264,0.3159293532371521,0
265,0.02359796315431595,0
266,0.3106338381767273,0
267,0.936426281929016,1
268,0.03795120120048523,0
269,0.0727355033159256,0
270,0.9181955456733704,1
271,0.8935908079147339,1
272,0.15263395011425018,0
273,0.4601045548915863,0
274,0.7667438387870789,1
275,0.06243360415101051,0
276,0.465913474559784,0
277,0.9156317710876464,1
278,0.7462185025215149,1
279,0.5942299962043762,1
280,0.6974932551383972,1
281,0.5769004821777344,1
282,0.5032306909561157,1
283,0.6139529347419739,1
284,0.5199311971664429,1
285,0.8610885143280029,1
286,0.875616192817688,1
287,0.1692320853471756,0
288,0.03176181763410568,0
289,0.3334419429302216,0
290,0.6291868090629578,1
291,0.2892428934574127,0
292,0.7396407723426819,1
293,0.9389494061470032,1
294,0.5189291834831238,1
295,0.410942941904068,0
296,0.014978867955505846,0
297,0.09411413967609407,0
298,0.81052166223526,1
299,0.879927933216095,1
300,0.563535213470459,1
301,0.468285858631134,0
302,0.7829465270042419,1
303,0.5275459885597229,1
304,0.2751907110214233,0
305,0.7171303033828735,1
306,0.9865585565567015,1
307,0.7016276717185974,1
308,0.9485760331153871,1
309,0.6416683793067932,1
310,0.3332198262214661,0
311,0.7743721008300781,1
312,0.007726027630269527,0
313,0.2675884068012237,0
314,0.16637998819351196,0
315,0.06897434592247009,0
316,0.0989949107170105,0
317,0.051034338772296906,0
318,0.05434257164597511,0
319,0.004406285937875509,0
320,0.08766719698905945,0
321,0.2402162700891495,0
322,0.2734655439853668,0
323,0.9365196824073792,1
324,0.8198778629302979,1
325,0.07077014446258545,0
326,0.8367636799812317,1
327,0.1807103455066681,0
328,0.1545986831188202,0
329,0.9466975927352904,1
330,0.9584640860557556,1
331,0.7549425959587097,1
332,0.7837470173835754,1
333,0.973404049873352,1
334,0.9880027770996094,1
335,0.9591253399848938,1
336,0.9941898584365844,1
337,0.8360423445701599,1
338,0.14726293087005615,0
339,0.9737987518310548,1
340,0.7890632748603821,1
341,0.10215138643980026,0
342,0.08287830650806427,0
343,0.7651326656341553,1
344,0.8663474321365356,1
345,0.6473353505134583,1
346,0.9202337861061096,1
347,0.9580087065696716,1
348,0.853837788105011,1
349,0.7829242944717407,1
350,0.7996518015861511,1
351,0.9300650358200072,1
352,0.6784482002258301,1
353,0.9987940788269044,1
354,0.9991462230682372,1
355,0.9951168298721312,1
356,0.9677863717079164,1
357,0.7760717272758484,1
358,0.5998108386993408,1
359,0.18360364437103271,0
360,0.004634053446352482,0
361,0.008462654426693916,0
362,0.01400597020983696,0
363,0.8653239011764526,1
364,0.7054780125617981,1
365,0.9421597719192504,1
366,0.23643025755882266,0
367,0.2485572397708893,0
368,0.3322020471096039,0
369,0.9273973107337952,1
370,0.96470844745636,1
371,0.9421355128288268,1
372,0.11642821133136748,0
373,0.8839960694313049,1
374,0.5946677327156067,1
375,0.5045995712280273,1
376,0.012347999028861523,0
377,0.3655626177787781,0
378,0.8186708092689514,1
379,0.0608438290655613,0
380,0.9961943626403807,1
381,0.996143400669098,1
382,0.9993979930877686,1
383,0.990815281867981,1
384,0.9990654587745668,1
385,0.9713473320007324,1
386,0.9983227849006652,1
387,0.9818307757377625,1
388,0.9065320491790771,1
389,0.723092257976532,1
390,0.9469165802001952,1
391,0.8802495002746582,1
392,0.6929304003715515,1
393,0.9935259819030762,1
394,0.7058436274528503,1
395,0.9755997061729432,1
396,0.6103638410568237,1
397,0.8313512206077576,1
398,0.6276549696922302,1
399,0.7279863357543945,1
400,0.7895644307136536,1
401,0.7558324337005615,1
402,0.1976560950279236,0
403,0.055027835071086884,0
404,0.724355936050415,1
405,0.8872056007385254,1
406,0.7788114547729492,1
407,0.9377384781837464,1
408,0.8883957862854004,1
409,0.9104769229888916,1
410,0.8664238452911377,1
411,0.6745725870132446,1
412,0.15586495399475098,0
413,0.13391463458538055,0
414,0.27981749176979065,0
415,0.03419023007154465,0
416,0.3000848889350891,0
417,0.6832470893859863,1
418,0.03412213176488876,0
419,0.013393573462963104,0
420,0.8904880881309509,1
421,0.9392813444137572,1
422,0.2866362333297729,0
423,0.023003768175840374,0
424,0.12005945295095445,0
425,0.32414042949676514,0
426,0.07950986176729202,0
427,0.07191204279661179,0
428,0.03684080392122269,0
429,0.8089912533760071,1
430,0.8663210868835449,1
431,0.3529327213764191,0
432,0.7917826771736145,1
433,0.9162198305130004,1
434,0.8242089748382568,1
435,0.22107729315757751,0
436,0.10660620778799056,0
437,0.8711287379264832,1
438,0.7882701754570007,1
439,0.8519246578216553,1
440,0.3105579614639282,0
441,0.23240381479263306,0
442,0.7895448803901672,1
443,0.884196400642395,1
444,0.8134441971778871,1
445,0.11117538809776306,0
446,0.42208558320999146,0
447,0.03241628035902977,0
448,0.05322827771306038,0
449,0.0008150175563059747,0
450,0.0222445297986269,0
451,0.8897548913955688,1
452,0.005021442659199239,0
453,0.15886591374874115,0
454,0.13349339365959167,0
455,0.0006492522079497576,0
456,0.1373368203639984,0
457,0.6958394646644592,1
458,0.08190811425447464,0
459,0.385284960269928,0
460,0.2304152697324753,0
461,0.2072967886924744,0
462,0.40674272179603577,0
463,0.7563761472702026,1
464,0.5839683413505554,1
465,0.8365792632102966,1
466,0.15130344033241272,0
467,0.1705615371465683,0
468,0.357018381357193,0
469,0.824881911277771,1
470,0.006434919312596321,0
471,0.2996929287910461,0
472,0.7571284174919128,1
473,0.0014719694154337046,0
474,0.0479196347296238,0
475,0.08152995258569717,0
476,0.051552627235651016,0
477,0.407799243927002,0
478,0.12907807528972626,0
479,0.11663450300693512,0
480,0.050113234668970115,0
481,0.7473861575126648,1
482,0.4320499897003174,0
483,0.052468039095401764,0
484,0.4908976852893829,0
485,0.7981443405151367,1
486,0.4942846596240997,0
487,0.12707440555095673,0
488,0.5549770593643188,1
489,0.1082177311182022,0
490,0.3502455651760101,0
491,0.515294075012207,1
492,0.8330526947975159,1
493,0.6908184289932251,1
494,0.8548518419265747,1
495,0.8099290728569031,1
496,0.8057063221931458,1
497,0.20699527859687805,0
498,0.883072555065155,1
499,0.22126398980617526,0
500,0.1843816637992859,0
501,0.5641367435455322,1
502,0.057125117629766464,0
503,0.5080549716949463,1
504,0.8460556864738464,1
505,0.1608455777168274,0
506,0.3098733425140381,0
507,0.18055541813373568,0
508,0.5619694590568542,1
509,0.03600148856639862,0
510,0.9157020449638368,1
511,0.44646206498146057,0
512,0.004864014219492674,0
513,0.029761575162410736,0
514,0.8343923687934875,1
515,0.4726598262786865,0
516,0.008350959047675133,0
517,0.006010822020471096,0
518,0.008204011246562004,0
519,0.733798623085022,1
520,0.7070050835609436,1
521,0.02719659358263016,0
522,0.2473006397485733,0
523,0.019669128581881527,0
524,0.3606696128845215,0
525,0.05293546244502068,0
526,0.05120320990681648,0
527,0.3882671594619751,0
528,0.30705660581588745,0
529,0.6966028213500977,1
530,0.2857315540313721,0
531,0.08380630612373352,0
532,0.7965868711471558,1
533,0.12680454552173615,0
534,0.4216143488883972,0
535,0.13769981265068054,0
536,0.5296856760978699,1
537,0.7818716168403625,1
538,0.9189913272857666,1
539,0.06515449285507202,0
540,0.05766015499830246,0
541,0.4632347226142883,0
542,0.08598043024539948,0
543,0.1006641834974289,0
544,0.6278206706047058,1
545,0.6222229599952698,1
546,0.262138694524765,0
547,0.9771106243133544,1
548,0.13987243175506592,0
549,0.4586766958236694,0
550,0.004394966643303633,0
551,0.02575954794883728,0
552,0.06424091011285782,0
553,0.26944518089294434,0
554,0.7480666041374207,1
555,0.028891917318105694,0
556,0.2433839589357376,0
557,0.9058087468147278,1
558,0.2380313575267792,0
559,0.6583172082901001,1
560,0.4337996542453766,0
561,0.000714414578396827,0
562,0.14809085428714752,0
563,0.14009509980678558,0
564,0.001573021407239139,0
565,0.3768743574619293,0
566,0.8185352683067322,1
567,0.11785905808210373,0
568,0.013883963227272034,0
569,0.00029916022322140634,0
570,0.0010761721059679985,0
571,0.14567632973194122,0
572,0.3806998133659363,0
573,0.3747307658195496,0
574,0.040525581687688834,0
575,0.4843578934669495,0
576,0.01657744497060776,0
577,0.10718701779842377,0
578,0.5620220303535461,1
579,0.023026583716273308,0
580,0.891767680644989,1
581,0.9033023118972778,1
582,0.4596168994903565,0
583,0.013919692486524582,0
584,0.8169885277748108,1
585,0.3300352394580841,0
586,0.2449972480535507,0
587,0.21548199653625488,0
588,0.8762748241424559,1
589,0.03492480143904686,0
590,0.7257766723632812,1
591,0.4223324060440064,0
592,0.7755112051963806,1
593,0.9625300168991088,1
594,0.9041501879692078,1
595,0.924108624458313,1
596,0.6927692890167236,1
597,0.7657302618026733,1
598,0.8588076233863831,1
599,0.954701840877533,1
600,0.6718493700027466,1
601,0.607957661151886,1
602,0.4877533316612244,0
603,0.7185495495796204,1
604,0.3445427715778351,0
605,0.03198176622390747,0
606,0.32641783356666565,0
607,0.8278300762176514,1
608,0.8482069969177246,1
609,0.9155328273773192,1
610,0.605810821056366,1
611,0.6719580888748169,1
612,0.8809428215026855,1
613,0.43965619802474976,0
614,0.8608083128929138,1
615,0.047081459313631065,0
616,0.6671693921089172,1
617,0.16687844693660736,0
618,0.0773794949054718,0
619,0.6617071032524109,1
620,0.4528391659259796,0
621,0.12473510950803755,0
622,0.011203388683497906,0
623,0.6188693642616272,1
624,0.26147261261939997,0
625,0.74224853515625,1
626,0.2472137957811356,0
627,0.2273338735103607,0
628,0.3511132299900055,0
629,0.1480698585510254,0
630,0.02791374921798706,0
631,0.5331732034683228,1
632,0.5296818614006042,1
633,0.07901978492736816,0
634,0.6967958211898804,1
635,0.7607303857803345,1
636,0.04901229217648506,0
637,0.7859008312225342,1
638,0.7818446755409241,1
639,0.09830363839864732,0
640,0.7872592806816101,1
641,0.6515473127365112,1
642,0.6113969087600708,1
643,0.6031967401504517,1
644,0.8060008883476257,1
645,0.0371934175491333,0
646,0.048775091767311096,0
647,0.08941581100225449,0
648,0.0011250434909015894,0
649,0.06904373317956924,0
650,0.2552635967731476,0
651,0.213721826672554,0
652,0.7691686749458313,1
653,0.6574519872665405,1
654,0.20857098698616028,0
655,0.9201223254203796,1
656,0.495064526796341,0
657,0.8753650188446045,1
658,0.3219139277935028,0
659,0.26886078715324396,0
660,0.8402213454246521,1
661,0.7269879579544067,1
662,0.4997112154960632,0
663,0.909230887889862,1
664,0.8773442506790161,1
665,0.10008563101291656,0
666,0.621353268623352,1
667,0.3795116245746613,0
668,0.008973157033324242,0
669,0.8762220144271851,1
670,0.5571295619010925,1
671,0.0596984475851059,0
672,0.24503830075263974,0
673,0.9413127303123474,1
674,0.2005675584077835,0
675,0.9614539742469788,1
676,0.3467064797878265,0
677,0.7864192724227905,1
678,0.3354693353176117,0
679,0.9601578116416932,1
680,0.8759912848472595,1
681,0.87788987159729,1
682,0.7652875185012817,1
683,0.33708974719047546,0
684,0.9739951491355896,1
685,0.647409200668335,1
686,0.0405905582010746,0
687,0.2129175215959549,0
688,0.013186820782721044,0
689,0.1082591786980629,0
690,0.0011196737177670002,0
691,0.008919996209442616,0
692,0.1031944453716278,0
693,0.28194862604141235,0
694,0.08296996355056763,0
695,0.09465767443180084,0
696,0.004770898260176182,0
697,0.007443389389663935,0
698,0.07668167352676393,0
699,0.10772490501403807,0
700,0.6956489086151123,1
701,0.7310929894447327,1
702,0.02187608927488327,0
703,0.000348512374330312,0
704,0.17386996746063232,0
705,0.92457777261734,1
706,0.885667085647583,1
707,0.2705768048763275,0
708,0.2651344239711761,0
709,0.012851862236857414,0
710,0.29016318917274475,0
711,0.8277344107627869,1
712,0.08310622721910478,0
713,0.8131429553031921,1
714,0.7798455357551575,1
715,0.8720771074295044,1
716,0.9061447381973268,1
717,0.018983367830514908,0
718,0.003547442145645619,0
719,0.9524906277656556,1
720,0.985202133655548,1
721,0.9867701530456544,1
722,0.9841603636741638,1
723,0.6276201009750366,1
724,0.11330670118331908,0
725,0.4702232480049133,0
726,0.06880804896354675,0
727,0.10962900519371033,0
728,0.569261908531189,1
729,0.05611942708492279,0
730,0.048914570361375816,0
731,0.28601035475730896,0
732,0.8711761832237244,1
733,0.009767075069248676,0
734,0.3522774875164032,0
735,0.037419393658638,0
736,0.030365852639079094,0
737,0.3623800277709961,0
738,0.07910265773534775,0
739,0.41290050745010376,0
740,0.1481841206550598,0
741,0.10300903022289276,0
742,0.21388278901577,0
743,0.12117186188697815,0
744,0.11941103637218475,0
745,0.7555066347122192,1
746,0.8751197457313538,1
747,0.31559818983078003,0
748,0.9028603434562684,1
749,0.8110962510108948,1
750,0.12694963812828064,0
751,0.6719759702682495,1
752,0.3795769810676575,0
753,0.4259442687034607,0
754,0.5288181900978088,1
755,0.1462407112121582,0
756,0.7017417550086975,1
757,0.08876413851976395,0
758,0.3994944989681244,0
759,0.8060729503631592,1
760,0.0929524227976799,0
761,0.09636738896369934,0
762,0.931952178478241,1
763,0.8146612644195557,1
764,0.1568887084722519,0
765,0.26265743374824524,0
766,0.9618415832519532,1
767,0.26045382022857666,0
768,0.6996818780899048,1
769,0.9541690945625304,1
770,0.9836614727973938,1
771,0.972109079360962,1
772,0.9786787629127502,1
773,0.9829187393188475,1
774,0.05366678908467293,0
775,0.9812622666358948,1
776,0.8998271226882935,1
777,0.6324363946914673,1
778,0.9735954999923706,1
779,0.09246912598609924,0
780,0.018281834200024605,0
781,0.9400117993354796,1
782,0.5745205283164978,1
783,0.008396708406507969,0
784,0.8981851935386658,1
785,0.8848040103912354,1
786,0.7330318689346313,1
787,0.6260019540786743,1
788,0.41403013467788696,0
789,0.11276610940694808,0
790,0.9084615111351012,1
791,0.8063923716545105,1
792,0.014895073138177397,0
793,0.8433731198310852,1
794,0.050564464181661606,0
795,0.1939294934272766,0
796,0.7947303056716919,1
797,0.4174553453922272,0
798,0.931158721446991,1
799,0.6792166829109192,1
800,0.6445412039756775,1
801,0.9517548084259032,1
802,0.7447998523712158,1
803,0.9212915897369384,1
804,0.9552630186080932,1
805,0.9445152282714844,1
806,0.8736609816551208,1
807,0.9355348348617554,1
808,0.4085773527622223,0
809,0.2401789426803589,0
810,0.8483461737632751,1
811,0.8950571417808533,1
812,0.9222081303596495,1
813,0.9462230801582336,1
814,0.7796359062194824,1
815,0.8809384703636169,1
816,0.9815871119499208,1
817,0.9202943444252014,1
818,0.9478581547737122,1
819,0.9144029021263124,1
820,0.7999385595321655,1
821,0.6609405875205994,1
822,0.9515933990478516,1
823,0.9551134705543518,1
824,0.9553646445274352,1
825,0.960959017276764,1
826,0.9641039967536926,1
827,0.9298112988471984,1
828,0.5280216932296753,1
829,0.9832257628440856,1
830,0.9895573258399964,1
831,0.9662742018699646,1
832,0.9434356689453124,1
833,0.9754472970962524,1
834,0.951671540737152,1
835,0.8243811130523682,1
836,0.9846222996711732,1
837,0.9639610648155212,1
838,0.978200376033783,1
839,0.796547532081604,1
840,0.6852216124534607,1
841,0.9757133722305298,1
842,0.956575095653534,1
843,0.7021575570106506,1
844,0.988132655620575,1
845,0.4883536994457245,0
846,0.9543458223342896,1
847,0.20143675804138186,0
848,0.9384800791740416,1
849,0.901178777217865,1
850,0.3486522734165192,0
851,0.0007962521631270647,0
852,0.8191659450531006,1
853,0.01835282333195209,0
854,0.9379463791847228,1
855,0.9467737674713136,1
856,0.9868810176849364,1
857,0.9979950189590454,1
858,0.9736368656158448,1
859,0.6785134077072144,1
860,0.9849987626075744,1
861,0.8523570895195007,1
862,0.8980181217193604,1
863,0.9905943870544434,1
864,0.9880746006965636,1
865,0.8983879685401917,1
866,0.9826247096061708,1
867,0.5577808618545532,1
868,0.02348356321454048,0
869,0.984731674194336,1
870,0.9900190830230712,1
871,0.9861381649971008,1
872,0.4089993536472321,0
873,0.6890742182731628,1
874,0.02747686207294464,0
875,0.9079303145408629,1
876,0.9970554113388062,1
877,0.9684388637542723,1
878,0.9455268383026124,1
879,0.9447391033172609,1
880,0.9393205642700196,1
881,0.944952428340912,1
882,0.8039602637290955,1
883,0.8765425682067871,1
884,0.8621327877044678,1
885,0.01202215254306793,0
886,0.000144039120641537,0
887,0.8030804395675659,1
888,0.004103014711290598,0
889,0.8538935780525208,1
890,0.9598952531814576,1
891,0.3462147414684296,0
892,0.9904120564460754,1
893,0.4577021598815918,0
894,0.08062530308961867,0
895,0.9252273440361024,1
896,0.033052656799554825,0
897,0.989271640777588,1
898,0.9691864252090454,1
899,0.08675717562437057,0
900,0.9919273853302002,1
901,0.9907407760620116,1
902,0.9514822363853456,1
903,0.9812037348747252,1
904,0.9616330862045288,1
905,0.3659274876117706,0
906,0.8319441080093384,1
907,0.3856227099895477,0
908,0.7885107398033142,1
909,0.4298646748065949,0
910,0.6457069516181946,1
911,0.5557916760444641,1
912,0.3488684594631195,0
913,0.07360640168190002,0
914,0.18044202029705048,0
915,0.022881224751472477,0
916,0.315495103597641,0
917,0.1492706686258316,0
918,0.18541356921195984,0
919,0.901281476020813,1
920,0.5784147381782532,1
921,0.11236541718244553,0
922,0.02380784600973129,0
923,0.0016510221175849438,0
924,0.1375843733549118,0
925,0.061351247131824486,0
926,0.0062325731851160535,0
927,0.16401666402816772,0
928,0.5174767971038818,1
929,0.8457015752792358,1
930,0.8789401054382324,1
931,0.2796491980552673,0
932,0.11353231221437456,0
933,0.9363189935684204,1
934,0.23208005726337436,0
935,0.9391960501670836,1
936,0.8166367411613464,1
937,0.9675698280334472,1
938,0.3922416269779205,0
939,0.969198763370514,1
940,0.4417624771595001,0
941,0.1657957285642624,0
942,0.9482030272483826,1
943,0.7075080871582031,1
944,0.0038984559942036867,0
945,0.1973070651292801,0
946,0.7754446268081665,1
947,0.21914838254451752,0
948,0.2140534222126007,0
949,0.5914577841758728,1
950,0.29316923022270197,0
951,0.14349821209907532,0
952,0.3460967838764191,0
953,0.3413983881473541,0
954,0.3656326830387116,0
955,0.021358074620366096,0
956,0.4504696130752564,0
957,0.3249518871307373,0
958,0.08392960578203201,0
959,0.6245221495628357,1
960,0.1390562206506729,0
961,0.7172514796257019,1
962,0.6185570359230042,1
963,0.19507244229316711,0
964,0.11397339403629304,0
965,0.20269113779067996,0
966,0.6771755218505859,1
967,0.14484873414039612,0
968,0.08809679746627808,0
969,0.7377867102622986,1
970,0.4635637998580933,0
971,0.11363083124160768,0
972,0.3514796197414398,0
973,0.9196212887763976,1
974,0.6242291927337646,1
975,0.4777113795280457,0
976,0.5757499933242798,1
977,0.9163346886634828,1
978,0.4672068953514099,0
979,0.18607251346111295,0
980,0.2999792695045471,0
981,0.3821857869625092,0
982,0.10832174122333528,0
983,0.7914267182350159,1
984,0.7709274888038635,1
985,0.2702463269233704,0
986,0.6906624436378479,1
987,0.2461300939321518,0
988,0.5208406448364258,1
989,0.8619309067726135,1
990,0.464858204126358,0
991,0.06880056858062744,0
992,0.4042311906814575,0
993,0.01509388629347086,0
994,0.7192992568016052,1
995,0.06999848783016205,0
996,0.6988871693611145,1
997,0.14621275663375854,0
998,0.8152573704719543,1
999,0.26508593559265137,0
1000,0.2386230528354645,0
1001,0.6366057991981506,1
1002,0.9413294792175292,1
1003,0.27871453762054443,0
1004,0.8951555490493774,1
1005,0.4751828908920288,0
1006,0.8964892029762268,1
1007,0.8412558436393738,1
1008,0.6352747678756714,1
1009,0.19517482817173004,0
1010,0.7310318946838379,1
1011,0.6609004139900208,1
1012,0.7548498511314392,1
1013,0.2399630695581436,0
1014,0.8286170959472656,1
1015,0.8041763305664062,1
1016,0.6385622024536133,1
1017,0.7609173655509949,1
1018,0.8843278884887695,1
1019,0.9549395442008972,1
1020,0.7873765826225281,1
1021,0.8525652885437012,1
1022,0.9435110688209534,1
1023,0.8874955773353577,1
1024,0.6684420704841614,1
1025,0.6741771697998047,1
1026,0.7801302075386047,1
1027,0.9262917041778564,1
1028,0.7277711629867554,1
1029,0.9340161085128784,1
1030,0.9853225946426392,1
1031,0.6352735161781311,1
1032,0.9050289392471312,1
1033,0.8301968574523926,1
1034,0.6891250014305115,1
1035,0.9724578261375428,1
1036,0.3652827143669128,0
1037,0.8479525446891785,1
1038,0.9766923189163208,1
1039,0.1431652307510376,0
1040,0.9791262149810792,1
1041,0.9111067056655884,1
1042,0.7962517738342285,1
1043,0.8376585841178894,1
1044,0.8180882930755615,1
1045,0.8351626992225647,1
1046,0.8172111511230469,1
1047,0.8463344573974609,1
1048,0.7610143423080444,1
1049,0.7324071526527405,1
1050,0.8726294636726379,1
1051,0.8583592772483826,1
1052,0.8011234998703003,1
1053,0.9482462406158448,1
1054,0.7468225359916687,1
1055,0.364466518163681,0
1056,0.6565908789634705,1
1057,0.505254328250885,1
1058,0.8303122520446777,1
1059,0.7745767831802368,1
1060,0.8783497214317322,1
1061,0.8909382820129395,1
1062,0.9234424829483032,1
1063,0.8669665455818176,1
1064,0.8564128279685974,1
1065,0.6503575444221497,1
1066,0.3091470301151276,0
1067,0.3575464785099029,0
1068,0.0013969423016533256,0
1069,0.00842506717890501,0
1070,0.1317330300807953,0
1071,0.013687450438737871,0
1072,0.0016826982609927654,0
1073,0.003471246454864741,0
1074,0.21850144863128665,0
1075,0.014808375388383862,0
1076,0.032527152448892586,0
1077,0.08537471294403076,0
1078,0.0008603487513028085,0
1079,0.00020515608775895092,0
1080,0.11633913218975067,0
1081,0.12939170002937314,0
1082,0.3495987951755524,0
1083,0.030080940574407574,0
1084,0.013957657851278782,0
1085,0.30788788199424744,0
1086,0.024516798555850983,0
1087,0.07222624123096466,0
1088,0.2733396291732788,0
1089,0.013567840680480005,0
1090,0.02033447660505772,0
1091,0.0002670033136382699,0
1092,0.17278558015823364,0
1093,0.0009259352227672936,0
1094,0.15410861372947693,0
1095,4.905507739749737e-05,0
1096,0.08074261248111725,0
1097,0.5383545756340027,1
1098,0.0008381142979487778,0
1099,0.9702548384666444,1
1100,0.011510477401316166,0
1101,0.012812369503080843,0
1102,0.001141718472354114,0
1103,0.07078003138303758,0
1104,0.047758214175701134,0
1105,0.0011534409131854773,0
1106,0.020480096340179443,0
1107,0.003195466473698616,0
1108,4.3220828956691555e-05,0
1109,0.5569497346878052,1
1110,0.2555392980575561,0
1111,0.0013785450719296932,0
1112,0.8315832018852234,1
1113,0.014585526660084724,0
1114,0.19724412262439728,0
1115,0.04660244658589363,0
1116,0.3829247951507568,0
1117,0.013711140491068365,0
1118,0.2707383930683136,0
1119,0.03545292094349861,0
1120,0.0002922032435890287,0
1121,0.021049413830041885,0
1122,0.0072143999859690675,0
1123,0.03018240816891193,0
1124,0.0014947546878829598,0
1125,0.003948020283132792,0
1126,0.002592547098174691,0
1127,0.007309743203222752,0
1128,0.0003264572587795556,0
1129,0.26105526089668274,0
1130,0.00015512312529608607,0
1131,0.002433106303215027,0
1132,6.783400021959095e-05,0
1133,0.014935623854398727,0
1134,0.06331264972686768,0
1135,0.006370197981595993,0
1136,0.006243054755032063,0
1137,0.15006287395954132,0
1138,0.0018527278443798425,0
1139,0.4458878338336945,0
1140,0.4654375910758972,0
1141,0.023000488057732586,0
1142,0.08065762370824814,0
1143,0.4186217188835144,0
1144,0.10016924887895584,0
1145,0.0068218191154301175,0
1146,0.6682034730911255,1
1147,0.012967010959982872,0
1148,5.172236797079677e-06,0
1149,0.025316722691059116,0
1150,0.00055553182028234,0
1151,9.28743538679555e-05,0
1152,0.6101788878440857,1
1153,0.14088928699493408,0
1154,0.013126261532306671,0
1155,0.9506515264511108,1
1156,0.09928887337446213,0
1157,0.019305670633912086,0
1158,0.004643177147954702,0
1159,0.08183089643716812,0
1160,0.2696003615856171,0
1161,0.022061171010136604,0
1162,0.007415221072733401,0
1163,0.0010942608350887897,0
1164,0.00011393894965294749,0
1165,0.396846204996109,0
1166,0.09558752924203873,0
1167,0.0021862252615392212,0
1168,0.4198677241802216,0
1169,0.8566607832908629,1
1170,0.0012762709520757198,0
1171,0.0015381836565211413,0
1172,0.1679866462945938,0
1173,0.0008859187946654855,0
1174,0.07014840841293335,0
1175,0.5914714932441711,1
1176,0.3782728016376496,0
1177,0.24858006834983826,0
1178,0.0070080445148050785,0
1179,0.34646862745285034,0
1180,0.4771836400032044,0
1181,0.07468565553426743,0
1182,0.08118533343076706,0
1183,0.5742575526237488,1
1184,0.061906702816486366,0
1185,0.0028383079916238785,0
1186,0.004713767673820257,0
1187,0.2165822833776474,0
1188,7.592097244923934e-05,0
1189,0.1561962068080902,0
1190,0.07712661474943161,0
1191,0.002211464336141944,0
1192,0.4323166310787201,0
1193,0.03150111809372902,0
1194,0.4149792194366455,0
1195,0.06299921870231627,0
1196,0.0010542806703597307,0
1197,0.07709480077028275,0
1198,0.006198139861226082,0
1199,0.0005515416269190608,0
1200,0.012303427793085577,0
1201,0.33312782645225525,0
1202,0.7133799195289612,1
1203,0.4402221739292145,0
1204,0.05644176527857781,0
1205,0.5335414409637451,1
1206,0.0014298665337264538,0
1207,0.6341508626937866,1
1208,0.00447981059551239,0
1209,0.03146609663963318,0
1210,0.848871111869812,1
1211,0.32530659437179565,0
1212,0.003442601067945361,0
1213,0.0663544163107872,0
1214,0.03846053406596184,0
1215,0.7763118147850037,1
1216,0.2339120954275131,0
1217,0.13260427117347715,0
1218,0.03497345745563507,0
1219,0.056337911635637276,0
1220,0.03067527897655964,0
1221,0.010441632010042669,0
1222,0.2454956769943237,0
1223,0.005303761456161738,0
1224,0.008888889104127884,0
1225,0.9199213981628418,1
1226,0.040945321321487434,0
1227,0.0074531370773911485,0
1228,0.08382054418325424,0
1229,0.0006193245644681157,0
1230,0.4320082664489746,0
1231,0.1835260391235352,0
1232,1.838497701101005e-05,0
1233,0.0005020614480599762,0
1234,0.004733335226774216,0
1235,0.0830475464463234,0
1236,0.2484641224145889,0
1237,0.12161818891763687,0
1238,0.011764358729124071,0
1239,2.560347638791427e-05,0
1240,0.5934196710586548,1
1241,0.17227187752723694,0
1242,0.00014143333828542382,0
1243,0.08038783073425293,0
1244,0.09683391451835632,0
1245,0.3575117290019989,0
1246,0.009165676310658457,0
1247,0.006567885633558035,0
1248,0.077772356569767,0
1249,0.0005766747053712606,0
1250,0.04057015478610992,0
1251,0.004251735284924507,0
1252,0.05004039779305458,0
1253,0.9621108770370485,1
1254,0.03537510707974434,0
1255,0.03844870999455452,0
1256,0.9433729648590088,1
1257,0.06888972967863083,0
1258,0.33820948004722595,0
1259,0.07268489897251129,0
1260,0.25230827927589417,0
1261,0.0043160999193787575,0
1262,0.00143579114228487,0
1263,0.9584294557571412,1
1264,0.004739260766655207,0
1265,0.020511332899332047,0
1266,2.502255665604025e-05,0
1267,0.0018752794712781906,0
1268,0.0050485795363783845,0
1269,0.05850358307361603,0
1270,0.0006589629920199512,0
1271,0.0001756070560077205,0
1272,0.00015384070866275581,0
1273,0.005588631611317396,0
1274,0.05510470643639565,0
1275,0.04737148806452751,0
1276,0.351109117269516,0
1277,0.292320191860199,0
1278,0.00011343776714056729,0
1279,0.07924952358007431,0
1280,0.9764284491539,1
1281,0.02893616072833538,0
1282,0.0016713173827156427,0
1283,0.0012617637403309345,0
1284,0.054727084934711456,0
1285,0.00018124915368389336,0
1286,0.06358854472637178,0
1287,0.05284463614225388,0
1288,0.00022302709112409502,0
1289,0.005536471959203482,0
1290,0.00011067881132476033,0
1291,0.04311057552695274,0
1292,0.024141108617186543,0
1293,0.0012375807855278256,0
1294,0.00029814004665240645,0
1295,0.00027516338741406804,0
1296,0.05862013623118401,0
1297,0.005768701899796724,0
1298,0.0016628014855086806,0
1299,0.017793068662285805,0
1300,0.14586135745048526,0
1301,0.008694041520357132,0
1302,0.7481380105018616,1
1303,0.5806914567947388,1
1304,0.0214020237326622,0
1305,0.0020756509620696306,0
1306,0.0021593186538666487,0
1307,0.2574048936367035,0
1308,0.05491366609930992,0
1309,0.01026778295636177,0
1310,0.008815316483378409,0
1311,0.31533804535865784,0
1312,0.002467350335791707,0
1313,0.003308181185275316,0
1314,0.19231615960597992,0
1315,0.026706252247095108,0
1316,0.31885144114494324,0
1317,0.009782794862985613,0
1318,0.38527294993400574,0
1319,0.0002715569280553609,0
1320,0.0071746972389519215,0
1321,0.09907469153404236,0
1322,0.0009335494250990449,0
1323,0.020872101187705997,0
1324,0.5832388997077942,1
1325,0.009947814978659151,0
1326,0.20315386354923248,0
1327,0.00950730498880148,0
1328,0.1560652256011963,0
1329,0.07306194305419922,0
1330,0.10769438743591307,0
1331,0.2778450846672058,0
1332,0.044764906167984016,0
1333,0.003109024604782462,0
1334,0.21475709974765775,0
1335,0.28132161498069763,0
1336,0.0590989775955677,0
1337,0.003998998086899519,0
1338,0.001950608566403389,0
1339,0.7788667082786559,1
1340,0.226772278547287,0
1341,0.18246935307979584,0
1342,0.2956685423851013,0
1343,0.001979118678718805,0
1344,0.07179396599531174,0
1345,0.3625502288341522,0
1346,0.2056291401386261,0
1347,0.754517674446106,1
1348,0.0006023747846484183,0
1349,0.0008285720832645893,0
1350,0.0706765204668045,0
1351,0.28971290588378906,0
1352,3.619756898842752e-05,0
1353,0.3687708079814911,0
1354,0.014138588681817056,0
1355,0.010600889101624487,0
1356,0.001065221498720348,0
1357,0.05850845575332641,0
1358,0.19782793521881106,0
1359,0.007814239710569382,0
1360,0.003819871926680207,0
1361,0.0014512096531689167,0
1362,0.20699229836463928,0
1363,0.0011146096512675283,0
1364,0.8632421493530273,1
1365,0.10185224562883376,0
1366,0.10071570426225662,0
1367,0.01595049723982811,0
1368,0.010056369937956331,0
1369,0.6142610311508179,1
1370,0.0010852448176592588,0
1371,0.032755270600318916,0
1372,0.11795032024383545,0
1373,0.06438308954238893,0
1374,0.007983250543475151,0
1375,0.043252523988485336,0
1376,0.0031813085079193115,0
1377,0.055198878049850464,0
1378,0.34697625041008,0
1379,0.2916698753833771,0
1380,9.278990182792768e-05,0
1381,0.3755781352519989,0
1382,0.038974545896053314,0
1383,0.4962097704410553,0
1384,0.1462550312280655,0
1385,0.037502851337194436,0
1386,0.01300862617790699,0
1387,0.18684281408786774,0
1388,0.0006010752404108644,0
1389,0.011722096242010592,0
1390,0.0004642645944841206,0
1391,0.10257606953382492,0
1392,6.279811350395903e-05,0
1393,0.011191231198608877,0
1394,0.15435607731342316,0
1395,0.05528666079044342,0
1396,0.036258548498153687,0
1397,0.4084777235984802,0
1398,0.010800215415656568,0
1399,0.00012249666906427592,0
1400,0.1668202131986618,0
1401,0.02159322053194046,0
1402,0.04982474818825722,0
1403,0.6580725908279419,1
1404,0.00010463453509146348,0
1405,0.03067899867892265,0
1406,0.0025760624557733536,0
1407,0.00015147462545428422,0
1408,0.0012672462034970524,0
1409,0.003099511377513409,0
1410,0.00037359111593104904,0
1411,0.015411796979606153,0
1412,0.00010103981185238808,0
1413,0.1268884390592575,0
1414,0.9177848100662231,1
1415,0.00015401243581436574,0
1416,4.6056673454586416e-05,0
1417,0.0349280945956707,0
1418,0.18857066333293915,0
1419,0.007292825728654861,0
1420,0.040403597056865685,0
1421,0.36360999941825867,0
1422,0.02366797998547554,0
1423,0.0054252780973911285,0
1424,0.00024116494751069692,0
1425,0.8335847854614258,1
1426,0.018592393025755882,0
1427,0.012929902411997318,0
1428,0.3346506655216217,0
1429,0.0005472648772411047,0
1430,0.003464776556938886,0
1431,0.013610422611236572,0
1432,0.6613178849220276,1
1433,0.002029328374192118,0
1434,0.0017103495774790645,0
1435,0.17408306896686554,0
1436,0.001735846628434956,0
1437,0.001451837131753564,0
1438,0.05153856799006462,0
1439,0.013542376458644869,0
1440,0.05581347271800041,0
1441,0.04230241850018501,0
1442,0.027814563363790512,0
1443,0.0024477094411849976,0
1444,0.3389386832714081,0
1445,0.006068088114261627,0
1446,0.05515937507152557,0
1447,0.06303665041923523,0
1448,0.0008746664389036597,0
1449,0.0006523839547298849,0
1450,0.001590191386640072,0
1451,0.19323590397834775,0
1452,0.006082190200686455,0
1453,0.000748688296880573,0
1454,0.01629626378417015,0
1455,0.058098204433918,0
1456,0.0003811389033216983,0
1457,0.010838807560503485,0
1458,0.9711412191390992,1
1459,0.0105457017198205,0
1460,0.014753268100321291,0
1461,0.025036931037902832,0
1462,0.2929620146751404,0
1463,3.661907157948008e-06,0
1464,0.031177474185824394,0
1465,0.000514254963491112,0
1466,0.6883399486541748,1
1467,0.4808522462844849,0
1468,0.011663208715617657,0
1469,0.23411525785923004,0
1470,0.020137004554271698,0
1471,0.5636253952980042,1
1472,0.17120523750782013,0
1473,0.10716719180345537,0
1474,0.5031880140304565,1
1475,0.014211438596248628,0
1476,0.0013021505437791348,0
1477,0.3654929399490357,0
1478,0.006981763057410717,0
1479,0.0031693729106336828,0
1480,0.4148168861865997,0
1481,0.24359853565692904,0
1482,0.0013392657274380324,0
1483,0.05296289920806885,0
1484,0.02131892554461956,0
1485,0.032843559980392456,0
1486,0.006824640091508627,0
1487,0.026536762714385983,0
1488,0.0237165242433548,0
1489,0.04334545508027077,0
1490,0.27072712779045105,0
1491,0.10721562802791597,0
1492,0.0678325742483139,0
1493,0.18873053789138794,0
1494,0.010866689495742321,0
1495,0.14509543776512146,0
1496,0.0023858787026256323,0
1497,0.006503333337605,0
1498,0.002694031922146678,0
1499,0.0583161786198616,0
1500,0.04000231623649597,0
1501,0.0008871947648003697,0
1502,0.00014255564019549638,0
1503,0.0004279417626094073,0
1504,0.00023981214326340702,0
1505,0.05603557452559471,0
1506,0.025321541354060173,0
1507,0.09802140295505524,0
1508,0.009993528947234155,0
1509,0.04913252964615822,0
1510,0.06425250321626662,0
1511,0.0008740308112464845,0
1512,0.0018195023294538262,0
1513,0.021639412268996242,0
1514,0.04381295293569565,0
1515,0.03786424174904823,0
1516,0.03366612270474434,0
1517,0.002004815498366952,0
1518,0.002188298385590315,0
1519,0.09551788866519928,0
1520,6.146850500954315e-05,0
1521,0.7158911228179932,1
1522,0.3852337300777435,0
1523,0.9900912046432496,1
1524,0.3410850763320923,0
1525,0.016248518601059914,0
1526,0.01706279255449772,0
1527,0.0008064697030931711,0
1528,0.15442244708538055,0
1529,0.007228564471006393,0
1530,0.062042754143476486,0
1531,0.0077541577629745015,0
1532,0.038516171276569366,0
1533,0.18990805745124814,0
1534,0.200043722987175,0
1535,0.004211158957332373,0
1536,0.6279375553131104,1
1537,0.18306998908519745,0
1538,0.006572638172656298,0
1539,2.674552706594113e-05,0
1540,0.0005139961722306907,0
1541,0.00031463647610507905,0
1542,0.681177020072937,1
1543,0.02060103975236416,0
1544,0.008501048199832441,0
1545,0.0004202908603474498,0
1546,0.965511918067932,1
1547,0.0016663118731230495,0
1548,0.4551938772201538,0
1549,0.10482407361268996,0
1550,0.06454922258853912,0
1551,0.0014317141612991688,0
1552,0.8317024111747742,1
1553,0.0004587941511999816,0
1554,5.866104038432241e-05,0
1555,8.203337347367778e-05,0
1556,0.004601060412824154,0
1557,0.14861084520816806,0
1558,0.4817526638507843,0
1559,0.0026830914430320267,0
1560,0.01484557054936886,0
1561,0.005260552745312452,0
1562,0.006463909521698953,0
1563,0.0027041861321777105,0
1564,0.1974999308586121,0
1565,0.015967167913913727,0
1566,0.2279016077518463,0
1567,0.00024387444136664269,0
1568,0.012166702188551426,0
1569,0.4186825454235077,0
1570,0.1935572475194931,0
1571,0.6693360209465027,1
1572,0.0006326271686702968,0
1573,0.00017846825357992202,0
1574,0.046106670051813126,0
1575,0.09643929451704024,0
1576,0.015871161594986916,0
1577,0.00047949649160727864,0
1578,0.0007380711613222957,0
1579,0.10560937970876694,0
1580,0.004263922106474638,0
1581,0.5017228722572327,1
1582,0.3450455963611603,0
1583,0.10035695135593414,0
1584,0.003299155971035361,0
1585,0.009210988879203795,0
1586,0.026733284816145897,0
1587,0.0014809838030487301,0
1588,0.003215403761714697,0
1589,0.2424702048301697,0
1590,0.2433162480592728,0
1591,0.00022455421276390558,0
1592,0.10546467453241347,0
1593,0.007521013729274274,0
1594,0.09712884575128557,0
1595,0.032041255384683616,0
1596,0.02878179401159286,0
1597,0.005523447412997484,0
1598,0.002787035657092929,0
1599,0.002260801149532199,0
1600,0.789953351020813,1
1601,0.057014189660549164,0
1602,0.002827772404998541,0
1603,0.7115449309349059,1
1604,0.0016148431459441779,0
1605,0.2534777522087097,0
1606,0.6786131858825684,1
1607,0.0019170602317899466,0
1608,0.07276435941457747,0
1609,0.00025834166444838047,0
1610,8.380961662624031e-05,0
1611,0.27864232659339905,0
1612,0.02859376184642315,0
1613,0.0542670413851738,0
1614,0.0169323030859232,0
1615,0.05105454474687576,0
1616,0.000982011202722788,0
1617,0.013009469956159592,0
1618,0.0016092001460492609,0
1619,0.4456562101840973,0
1620,0.9137055277824402,1
1621,0.010875729843974112,0
1622,0.7006924152374268,1
1623,0.090743750333786,0
1624,0.0005750168347731233,0
1625,0.00837470218539238,0
1626,0.9287406802177428,1
1627,0.025222765281796452,0
1628,0.0020054650958627467,0
1629,0.10814633220434187,0
1630,0.7481268644332886,1
1631,0.05553461611270905,0
1632,0.0016542335506528616,0
1633,0.00843630451709032,0
1634,0.024418970569968224,0
1635,0.32142850756645197,0
1636,0.00042730727000162005,0
1637,0.004734029527753592,0
1638,0.08889316022396088,0
1639,0.19116558134555814,0
1640,0.09036289155483246,0
1641,4.734847243526019e-05,0
1642,0.5251954197883606,1
1643,0.007247381843626498,0
1644,0.1376253366470337,0
1645,0.04602227360010147,0
1646,0.037341509014368064,0
1647,0.060939747840166085,0
1648,0.8387131690979004,1
1649,0.8690140843391418,1
1650,0.0029065152630209927,0
1651,0.35564273595809937,0
1652,0.017383938655257225,0
1653,0.00036436351365409786,0
1654,0.2734460830688477,0
1655,0.004054295364767313,0
1656,0.0006052828393876553,0
1657,0.0002719619078561664,0
1658,0.0013019038597121837,0
1659,0.05445481464266777,0
1660,0.04341352730989456,0
1661,0.007043506018817425,0
1662,0.08971497416496277,0
1663,0.0337304063141346,0
1664,0.1379421502351761,0
1665,0.10731574147939682,0
1666,0.09915758669376372,0
1667,0.06540537625551224,0
1668,0.0065973708406090745,0
1669,0.07394561171531677,0
1670,1.5186101336439606e-05,0
1671,0.03009360656142235,0
1672,0.010948970913887024,0
1673,0.002899187849834561,0
1674,0.7945833802223206,1
1675,0.2922838032245636,0
1676,0.002416563453152776,0
1677,0.00024069038045126942,0
1678,0.046526368707418435,0
1679,0.0008657264988869429,0
1680,0.13942500948905945,0
1681,0.0009395584929734466,0
1682,0.031629521399736404,0
1683,0.11617105454206468,0
1684,0.0006547144148498774,0
1685,0.17134737968444824,0
1686,0.05978210642933845,0
1687,0.0006820382550358772,0
1688,0.8490219116210938,1
1689,0.023878781124949452,0
1690,0.0009566998924128713,0
1691,0.010332394391298294,0
1692,0.06520998477935791,0
1693,0.0006024707108736037,0
1694,0.03555819019675255,0
1695,0.08420154452323914,0
1696,0.12378548830747604,0
1697,0.001050866791047156,0
1698,0.00047335796989500517,0
1699,0.004979263991117477,0
1700,0.7001599073410034,1
1701,0.0017270565731450913,0
1702,0.031794127076864236,0
1703,0.5741770267486572,1
1704,0.11164816468954086,0
1705,0.0015012050280347464,0
1706,0.9980159997940063,1
1707,0.008497592993080616,0
1708,0.002947298577055335,0
1709,0.003633042797446251,0
1710,0.007257106713950634,0
1711,0.8165373206138611,1
1712,0.0005197864375077188,0
1713,0.2804171442985535,0
1714,0.002492551226168871,0
1715,0.2592052817344665,0
1716,0.008116132579743862,0
1717,0.030527716502547264,0
1718,0.008266999386250973,0
1719,0.0051034996286034575,0
1720,0.013838019222021105,0
1721,0.02771245129406452,0
1722,0.0026768960524350405,0
1723,0.004376677330583334,0
1724,0.0004102020466234535,0
1725,0.002437881659716368,0
1726,0.08213162422180176,0
1727,0.05049432069063186,0
1728,0.04694019630551338,0
1729,0.014371078461408615,0
1730,0.025638924911618236,0
1731,0.0011109705083072186,0
1732,0.08561635762453079,0
1733,0.005168652627617121,0
1734,0.0002507560711819678,0
1735,0.0007861346821300684,0
1736,0.0005555797251872717,0
1737,0.592539370059967,1
1738,0.4109947383403778,0
1739,0.006681834347546101,0
1740,0.0007230422925204039,0
1741,0.06770975887775421,0
1742,0.20587465167045596,0
1743,0.6508184671401978,1
1744,0.03473178669810295,0
1745,0.5797873735427856,1
1746,0.10072484612464903,0
1747,0.15093383193016052,0
1748,0.005236009601503611,0
1749,0.9220565557479858,1
1750,0.35234081745147705,0
1751,0.0314793698489666,0
1752,0.003452464938163757,0
1753,0.1213822066783905,0
1754,0.02409342862665653,0
1755,0.0002899714163504541,0
1756,0.2076774090528488,0
1757,0.062485571950674064,0
1758,0.012514437548816204,0
1759,0.0011949536856263876,0
1760,0.0048954510129988185,0
1761,0.0040591564029455185,0
1762,0.26762011647224426,0
1763,0.0006096584256738424,0
1764,0.0306275486946106,0
1765,0.9409617185592652,1
1766,0.017818780615925792,0
1767,0.02897712960839272,0
1768,0.03277905285358429,0
1769,0.0020847031846642494,0
1770,0.02052502334117889,0
1771,0.38818204402923584,0
1772,0.8342359662055969,1
1773,0.10662493854761124,0
1774,0.0005801591905765235,0
1775,0.07587232440710068,0
1776,0.06504662334918976,0
1777,0.26992976665496826,0
1778,0.9864485859870912,1
1779,0.08984845131635666,0
1780,0.0004539777874015272,0
1781,0.045880652964115136,0
1782,0.010649646632373331,0
1783,0.03218595311045647,0
1784,0.27724966406822205,0
1785,0.02804714255034924,0
1786,0.1327299028635025,0
1787,0.8677183389663696,1
1788,0.6499213576316833,1
1789,0.0014193443348631265,0
1790,0.028755033388733864,0
1791,0.0016494202427566054,0
1792,0.0008718124008737503,0
1793,0.00028917685267515486,0
1794,0.030727945268154144,0
1795,0.030825551599264145,0
1796,0.8871632218360901,1
1797,0.0063074715435504905,0
1798,0.004766546655446291,0
1799,0.05076081305742264,0
1800,0.033503681421279914,0
1801,0.08154373615980147,0
1802,0.0797872468829155,0
1803,0.00319632887840271,0
1804,0.020222850143909454,0
1805,0.009315705858170986,0
1806,0.05387626588344574,0
1807,0.13603509962558746,0
1808,0.15084722638130188,0
1809,0.004334826488047838,0
1810,0.08697162568569182,0
1811,0.9184704422950744,1
1812,0.0007729645585641265,0
1813,0.004437962081283331,0
1814,0.05772630870342255,0
1815,0.005910043604671955,0
1816,0.000946562853641808,0
1817,0.0004040806961711496,0
1818,0.0007316305418498813,0
1819,0.4896803200244904,0
1820,0.0008385629043914378,0
1821,0.017668183892965317,0
1822,0.002662812592461705,0
1823,0.006981443148106337,0
1824,0.11152350157499312,0
1825,0.9326027631759644,1
1826,0.07472934573888779,0
1827,0.09855592250823976,0
1828,0.06279444694519043,0
1829,0.733745276927948,1
1830,0.20731551945209506,0
1831,0.00016895632143132389,0
1832,0.012040300294756891,0
1833,0.14091575145721436,0
1834,0.04346581920981407,0
1835,0.0007019700133241713,0
1836,0.00039574832771904767,0
1837,0.005452855024486779,0
1838,0.013271307572722437,0
1839,0.044541187584400184,0
1840,0.013910285197198393,0
1841,0.0515749417245388,0
1842,0.1320735365152359,0
1843,0.026261217892169952,0
1844,0.03211616352200508,0
1845,0.08149771392345427,0
1846,0.023893155157566067,0
1847,0.17688994109630585,0
1848,0.06746804714202881,0
1849,0.0062852450646460065,0
1850,0.10528426617383957,0
1851,0.056183528155088425,0
1852,0.0978010520339012,0
1853,0.12462561577558515,0
1854,0.06373944878578186,0
1855,0.0037694172933697705,0
1856,0.2674770951271057,0
1857,0.015813449397683144,0
1858,0.002588668605312705,0
1859,0.002791920909658075,0
1860,0.7097697257995605,1
1861,0.009483760222792624,0
1862,0.00030197016894817347,0
1863,0.0009731450118124484,0
1864,0.008724579587578773,0
1865,0.3114960193634033,0
1866,0.2573061287403107,0
1867,0.8059710264205933,1
1868,0.0016627610893920064,0
1869,0.05093460902571678,0
1870,0.7937064170837402,1
1871,0.00010407152149127795,0
1872,0.24401132762432096,0
1873,0.0011336252791807055,0
1874,0.13467274606227875,0
1875,0.003126811236143112,0
1876,0.03759326040744782,0
1877,0.2463756501674652,0
1878,0.4628682732582092,0
1879,0.0321953259408474,0
1880,0.007539608981460333,0
1881,0.26468318700790405,0
1882,0.464162677526474,0
1883,0.16016122698783875,0
1884,0.06028624251484871,0
1885,0.00037470736424438655,0
1886,0.10367200523614883,0
1887,4.339834413258359e-05,0
1888,0.251150906085968,0
1889,0.2536036968231201,0
1890,0.002013219054788351,0
1891,0.03823355585336685,0
1892,0.011227036826312542,0
1893,0.003587311133742333,0
1894,0.3946560323238373,0
1895,0.885726273059845,1
1896,0.00177368032746017,0
1897,0.3290551602840424,0
1898,0.03260855749249458,0
1899,0.2488149553537369,0
1900,0.024103431031107903,0
1901,0.5725788474082947,1
1902,0.0016937725013121965,0
1903,0.5015976428985596,1
1904,0.04070940241217613,0
1905,0.0019281032728031282,0
1906,0.006555560976266861,0
1907,0.0002600021834950894,0
1908,0.019494142383337017,0
1909,0.8994461297988892,1
1910,0.05837419256567955,0
1911,0.0021317584905773397,0
1912,0.7641271352767944,1
1913,0.16033026576042175,0
1914,0.005812344141304493,0
1915,0.15924476087093353,0
1916,0.020679853856563568,0
1917,0.9954244494438172,1
1918,0.000143321231007576,0
1919,0.08927098661661148,0
1920,0.003783983644098043,0
1921,0.0034221964888274674,0
1922,0.17168928682804108,0
1923,0.003801928833127022,0
1924,0.0005816851044073701,0
1925,0.05963511392474175,0
1926,0.16082674264907834,0
1927,0.003352540312334895,0
1928,0.21574154496192927,0
1929,0.3111549913883209,0
1930,0.002808275166898966,0
1931,0.0075536766089499,0
1932,0.09773892164230348,0
1933,0.7136312127113342,1
1934,0.011264990083873272,0
1935,0.01592705026268959,0
1936,0.047121386975049966,0
1937,0.17417049407958984,0
1938,0.046164315193891525,0
1939,0.0016437192680314185,0
1940,0.00669026467949152,0
1941,0.12365110963582993,0
1942,0.003438190789893269,0
1943,0.02635009028017521,0
1944,0.6059092879295349,1
1945,0.014461207203567028,0
1946,0.023160547018051147,0
1947,0.8719906210899353,1
1948,0.0014770474517717955,0
1949,0.0014135284582152965,0
1950,0.0023311346303671603,0
1951,0.19557663798332212,0
1952,0.08938512206077576,0
1953,0.18568898737430573,0
1954,0.19146178662776947,0
1955,0.2183309942483902,0
1956,0.2486098110675812,0
1957,0.028149491176009175,0
1958,0.8017174005508423,1
1959,0.11694638431072235,0
1960,0.4548646211624146,0
1961,0.5417566895484924,1
1962,0.00015036181139294058,0
1963,0.09196475148200987,0
1964,0.008237729780375956,0
1965,0.4820848405361176,0
1966,0.2840048372745514,0
1967,0.0009665719699114561,0
1968,0.0035015344619750977,0
1969,0.022567320615053173,0
1970,0.022778593003749847,0
1971,0.00020861061057075858,0
1972,0.2352738380432129,0
1973,0.7547459006309509,1
1974,0.6902415156364441,1
1975,0.084233358502388,0
1976,0.0056747221387922755,0
1977,0.00014178549463395032,0
1978,0.005213446915149689,0
1979,0.4299896657466888,0
1980,0.008461306802928448,0
1981,0.000738356786314398,0
1982,0.9383086562156676,1
1983,0.025053493678569797,0
1984,0.001320736133493483,0
1985,0.04108886048197746,0
1986,0.0822627991437912,0
1987,0.03869093582034111,0
1988,0.048151355236768716,0
1989,0.0028629789594560857,0
1990,0.03799796476960182,0
1991,0.05157657340168953,0
1992,0.006396461743861437,0
1993,0.0001904465461848304,0
1994,0.0001458403276046738,0
1995,0.007008525542914867,0
1996,0.02487741783261299,0
1997,0.07491325587034225,0
1998,0.00024161397595889864,0
1999,0.002636989578604698,0
2000,0.06186628714203835,0
2001,0.3123678863048553,0
2002,0.001487528090365231,0
2003,0.0001391140540363267,0
2004,0.09430310130119324,0
2005,0.18705394864082334,0
2006,0.0023468360304832463,0
2007,0.5179755687713623,1
2008,0.006639213301241398,0
2009,0.00300574884749949,0
2010,0.0004949354915879667,0
2011,0.0002920336264651269,0
2012,0.5541319251060486,1
2013,0.2915352284908295,0
2014,0.15906785428524015,0
2015,0.0669841468334198,0
2016,0.3371133804321289,0
2017,0.0001062161536538042,0
2018,0.012439802289009094,0
2019,0.004748502280563115,0
2020,0.00259283185005188,0
2021,0.0021374423522502184,0
2022,0.00123852479737252,0
2023,0.008899813517928123,0
2024,0.4639707505702973,0
2025,0.0007651504711247982,0
2026,0.0020978795364499088,0
2027,0.4183579683303833,0
2028,0.004988810047507286,0
2029,0.4537149071693421,0
2030,0.0015415693633258345,0
2031,0.0018435216043144464,0
2032,0.03674541786313057,0
2033,0.0011119006667286158,0
2034,0.4552814364433289,0
2035,0.014172311872243881,0
2036,0.005364751443266869,0
2037,0.18993881344795227,0
2038,0.055431876331567764,0
2039,0.15509286522865295,0
2040,0.395392656326294,0
2041,0.03258241713047028,0
2042,4.14616079069674e-05,0
2043,0.0018625877564772966,0
2044,0.2009255439043045,0
2045,0.27997201681137085,0
2046,0.016450274735689163,0
2047,0.0014715944416821005,0
2048,0.0311464574187994,0
2049,0.2321707606315613,0
2050,0.08783318102359773,0
2051,0.8168669939041138,1
2052,0.002118533011525869,0
2053,0.0007819377933628857,0
2054,0.008696240372955799,0
2055,0.005883383098989725,0
2056,0.0008915662183426321,0
2057,0.18665079772472384,0
2058,0.002706276485696435,0
2059,0.07114563137292862,0
2060,0.5880835056304932,1
2061,0.0007068982231430709,0
2062,0.0006301062530837952,0
2063,0.2668999433517456,0
2064,0.0007996750646270813,0
2065,0.0009202122455462812,0
2066,0.07608771324157715,0
2067,0.0060610342770814896,0
2068,0.0850335881114006,0
2069,0.02576856501400471,0
2070,0.00017127307364717126,0
2071,0.7106112837791443,1
2072,0.0006596057792194188,0
2073,0.04614003002643585,0
2074,0.2471190392971039,0
2075,0.0023488374426960945,0
2076,0.008620322681963444,0
2077,0.013333060778677464,0
2078,0.10689934343099594,0
2079,0.0011614271206781268,0
2080,0.020380187779664997,0
2081,0.11957596987485886,0
2082,0.002959253266453743,0
2083,0.032112766057252884,0
2084,0.05055605247616768,0
2085,0.0007501931395381688,0
2086,0.35891520977020264,0
2087,0.05916100367903709,0
2088,0.37658658623695374,0
2089,0.5157510042190552,1
2090,0.27669134736061096,0
2091,0.14597392082214355,0
2092,0.011083967052400112,0
2093,0.1080649122595787,0
2094,0.06707332283258438,0
2095,0.002766536315903068,0
2096,0.3220277428627014,0
2097,0.09781767427921297,0
2098,0.13641826808452606,0
2099,0.08867703378200531,0
2100,0.4264585077762604,0
2101,0.14586041867733002,0
2102,0.03745181858539581,0
2103,0.00015448853082489222,0
2104,0.0009000538266263902,0
2105,0.12744641304016113,0
2106,0.012582164257764816,0
2107,0.3410644829273224,0
2108,0.1141168251633644,0
2109,0.002334071788936853,0
2110,0.2381303459405899,0
2111,0.3288722038269043,0
2112,0.0015136819565668702,0
2113,0.03766610845923424,0
2114,0.012430422008037569,0
2115,0.00036022771382704377,0
2116,0.00033247427199967206,0
2117,0.05922976136207581,0
2118,0.20036642253398892,0
2119,0.19292280077934265,0
2120,0.0032665967009961605,0
2121,0.0019324318272992969,0
2122,0.0018129270756617188,0
2123,0.12063807249069215,0
2124,0.0003056302957702428,0
2125,0.019007658585906032,0
2126,0.2047110199928284,0
2127,0.02571657672524452,0
2128,0.0471496507525444,0
2129,0.04177994653582573,0
2130,0.7755706906318665,1
2131,0.704590916633606,1
2132,0.5882747769355774,1
2133,0.14542606472969055,0
2134,0.06784003227949142,0
2135,0.0010256529785692694,0
